route,viewport_width,passed,visible_images,overflow_px,page_exceptions,console_errors,source_commit,workflow_run
/,320,True,14,0,0,0,67d8a1e4f82c67a4f1744807f6d534ef8227fdbc,34517940578
/,390,True,14,0,0,0,67d8a1e4f82c67a4f1744807f6d534ef8227fdbc,34517940578
/,430,True,14,0,0,0,67d8a1e4f82c67a4f1744807f6d534ef8227fdbc,34517940578
/,600,True,14,0,0,0,67d8a1e4f82c67a4f1744807f6d534ef8227fdbc,34517940578
/,768,True,14,0,0,0,67d8a1e4f82c67a4f1744807f6d534ef8227fdbc,34517940578
/,1024,True,14,0,0,0,67d8a1e4f82c67a4f1744807f6d534ef8227fdbc,34517940578
/,1366,True,14,0,0,0,67d8a1e4f82c67a4f1744807f6d534ef8227fdbc,34517940578
/,1440,True,14,0,0,0,67d8a1e4f82c67a4f1744807f6d534ef8227fdbc,34517940578
/,1920,True,14,0,0,0,67d8a1e4f82c67a4f1744807f6d534ef8227fdbc,34517940578
/estimate/scope,320,True,1,0,0,0,67d8a1e4f82c67a4f1744807f6d534ef8227fdbc,34517940578
/estimate/scope,390,True,1,0,0,0,67d8a1e4f82c67a4f1744807f6d534ef8227fdbc,34517940578
/estimate/scope,430,True,1,0,0,0,67d8a1e4f82c67a4f1744807f6d534ef8227fdbc,34517940578
/estimate/scope,600,True,1,0,0,0,67d8a1e4f82c67a4f1744807f6d534ef8227fdbc,34517940578
/estimate/scope,768,True,1,0,0,0,67d8a1e4f82c67a4f1744807f6d534ef8227fdbc,34517940578
/estimate/scope,1024,True,1,0,0,0,67d8a1e4f82c67a4f1744807f6d534ef8227fdbc,34517940578
/estimate/scope,1366,True,1,0,0,0,67d8a1e4f82c67a4f1744807f6d534ef8227fdbc,34517940578
/estimate/scope,1440,True,1,0,0,0,67d8a1e4f82c67a4f1744807f6d534ef8227fdbc,34517940578
/estimate/scope,1920,True,1,0,0,0,67d8a1e4f82c67a4f1744807f6d534ef8227fdbc,34517940578
/legal/privacy,320,True,0,0,0,0,67d8a1e4f82c67a4f1744807f6d534ef8227fdbc,34517940578
/legal/privacy,390,True,0,0,0,0,67d8a1e4f82c67a4f1744807f6d534ef8227fdbc,34517940578
/legal/privacy,430,True,0,0,0,0,67d8a1e4f82c67a4f1744807f6d534ef8227fdbc,34517940578
/legal/privacy,600,True,0,0,0,0,67d8a1e4f82c67a4f1744807f6d534ef8227fdbc,34517940578
/legal/privacy,768,True,0,0,0,0,67d8a1e4f82c67a4f1744807f6d534ef8227fdbc,34517940578
/legal/privacy,1024,True,0,0,0,0,67d8a1e4f82c67a4f1744807f6d534ef8227fdbc,34517940578
/legal/privacy,1366,True,0,0,0,0,67d8a1e4f82c67a4f1744807f6d534ef8227fdbc,34517940578
/legal/privacy,1440,True,0,0,0,0,67d8a1e4f82c67a4f1744807f6d534ef8227fdbc,34517940578
/legal/privacy,1920,True,0,0,0,0,67d8a1e4f82c67a4f1744807f6d534ef8227fdbc,34517940578
/legal/quickbooks-disconnect,320,True,0,0,0,0,67d8a1e4f82c67a4f1744807f6d534ef8227fdbc,34517940578
/legal/quickbooks-disconnect,390,True,0,0,0,0,67d8a1e4f82c67a4f1744807f6d534ef8227fdbc,34517940578
/legal/quickbooks-disconnect,430,True,0,0,0,0,67d8a1e4f82c67a4f1744807f6d534ef8227fdbc,34517940578
/legal/quickbooks-disconnect,600,True,0,0,0,0,67d8a1e4f82c67a4f1744807f6d534ef8227fdbc,34517940578
/legal/quickbooks-disconnect,768,True,0,0,0,0,67d8a1e4f82c67a4f1744807f6d534ef8227fdbc,34517940578
/legal/quickbooks-disconnect,1024,True,0,0,0,0,67d8a1e4f82c67a4f1744807f6d534ef8227fdbc,34517940578
/legal/quickbooks-disconnect,1366,True,0,0,0,0,67d8a1e4f82c67a4f1744807f6d534ef8227fdbc,34517940578
/legal/quickbooks-disconnect,1440,True,0,0,0,0,67d8a1e4f82c67a4f1744807f6d534ef8227fdbc,34517940578
/legal/quickbooks-disconnect,1920,True,0,0,0,0,67d8a1e4f82c67a4f1744807f6d534ef8227fdbc,34517940578
/legal/terms,320,True,0,0,0,0,67d8a1e4f82c67a4f1744807f6d534ef8227fdbc,34517940578
/legal/terms,390,True,0,0,0,0,67d8a1e4f82c67a4f1744807f6d534ef8227fdbc,34517940578
/legal/terms,430,True,0,0,0,0,67d8a1e4f82c67a4f1744807f6d534ef8227fdbc,34517940578
/legal/terms,600,True,0,0,0,0,67d8a1e4f82c67a4f1744807f6d534ef8227fdbc,34517940578
/legal/terms,768,True,0,0,0,0,67d8a1e4f82c67a4f1744807f6d534ef8227fdbc,34517940578
/legal/terms,1024,True,0,0,0,0,67d8a1e4f82c67a4f1744807f6d534ef8227fdbc,34517940578
/legal/terms,1366,True,0,0,0,0,67d8a1e4f82c67a4f1744807f6d534ef8227fdbc,34517940578
/legal/terms,1440,True,0,0,0,0,67d8a1e4f82c67a4f1744807f6d534ef8227fdbc,34517940578
/legal/terms,1920,True,0,0,0,0,67d8a1e4f82c67a4f1744807f6d534ef8227fdbc,34517940578
/quote,320,True,2,0,0,0,67d8a1e4f82c67a4f1744807f6d534ef8227fdbc,34517940578
/quote,390,True,2,0,0,0,67d8a1e4f82c67a4f1744807f6d534ef8227fdbc,34517940578
/quote,430,True,2,0,0,0,67d8a1e4f82c67a4f1744807f6d534ef8227fdbc,34517940578
/quote,600,True,2,0,0,0,67d8a1e4f82c67a4f1744807f6d534ef8227fdbc,34517940578
/quote,768,True,2,0,0,0,67d8a1e4f82c67a4f1744807f6d534ef8227fdbc,34517940578
/quote,1024,True,2,0,0,0,67d8a1e4f82c67a4f1744807f6d534ef8227fdbc,34517940578
/quote,1366,True,2,0,0,0,67d8a1e4f82c67a4f1744807f6d534ef8227fdbc,34517940578
/quote,1440,True,2,0,0,0,67d8a1e4f82c67a4f1744807f6d534ef8227fdbc,34517940578
/quote,1920,True,2,0,0,0,67d8a1e4f82c67a4f1744807f6d534ef8227fdbc,34517940578
/quote/adu,320,True,2,0,0,0,67d8a1e4f82c67a4f1744807f6d534ef8227fdbc,34517940578
/quote/adu,390,True,2,0,0,0,67d8a1e4f82c67a4f1744807f6d534ef8227fdbc,34517940578
/quote/adu,430,True,2,0,0,0,67d8a1e4f82c67a4f1744807f6d534ef8227fdbc,34517940578
/quote/adu,600,True,2,0,0,0,67d8a1e4f82c67a4f1744807f6d534ef8227fdbc,34517940578
/quote/adu,768,True,2,0,0,0,67d8a1e4f82c67a4f1744807f6d534ef8227fdbc,34517940578
/quote/adu,1024,True,2,0,0,0,67d8a1e4f82c67a4f1744807f6d534ef8227fdbc,34517940578
/quote/adu,1366,True,2,0,0,0,67d8a1e4f82c67a4f1744807f6d534ef8227fdbc,34517940578
/quote/adu,1440,True,2,0,0,0,67d8a1e4f82c67a4f1744807f6d534ef8227fdbc,34517940578
/quote/adu,1920,True,2,0,0,0,67d8a1e4f82c67a4f1744807f6d534ef8227fdbc,34517940578
/quote/bathroom-remodel,320,True,2,0,0,0,67d8a1e4f82c67a4f1744807f6d534ef8227fdbc,34517940578
/quote/bathroom-remodel,390,True,2,0,0,0,67d8a1e4f82c67a4f1744807f6d534ef8227fdbc,34517940578
/quote/bathroom-remodel,430,True,2,0,0,0,67d8a1e4f82c67a4f1744807f6d534ef8227fdbc,34517940578
/quote/bathroom-remodel,600,True,2,0,0,0,67d8a1e4f82c67a4f1744807f6d534ef8227fdbc,34517940578
/quote/bathroom-remodel,768,True,2,0,0,0,67d8a1e4f82c67a4f1744807f6d534ef8227fdbc,34517940578
/quote/bathroom-remodel,1024,True,2,0,0,0,67d8a1e4f82c67a4f1744807f6d534ef8227fdbc,34517940578
/quote/bathroom-remodel,1366,True,2,0,0,0,67d8a1e4f82c67a4f1744807f6d534ef8227fdbc,34517940578
/quote/bathroom-remodel,1440,True,2,0,0,0,67d8a1e4f82c67a4f1744807f6d534ef8227fdbc,34517940578
/quote/bathroom-remodel,1920,True,2,0,0,0,67d8a1e4f82c67a4f1744807f6d534ef8227fdbc,34517940578
/quote/custom-cabinets,320,True,2,0,0,0,67d8a1e4f82c67a4f1744807f6d534ef8227fdbc,34517940578
/quote/custom-cabinets,390,True,2,0,0,0,67d8a1e4f82c67a4f1744807f6d534ef8227fdbc,34517940578
/quote/custom-cabinets,430,True,2,0,0,0,67d8a1e4f82c67a4f1744807f6d534ef8227fdbc,34517940578
/quote/custom-cabinets,600,True,2,0,0,0,67d8a1e4f82c67a4f1744807f6d534ef8227fdbc,34517940578
/quote/custom-cabinets,768,True,2,0,0,0,67d8a1e4f82c67a4f1744807f6d534ef8227fdbc,34517940578
/quote/custom-cabinets,1024,True,2,0,0,0,67d8a1e4f82c67a4f1744807f6d534ef8227fdbc,34517940578
/quote/custom-cabinets,1366,True,2,0,0,0,67d8a1e4f82c67a4f1744807f6d534ef8227fdbc,34517940578
/quote/custom-cabinets,1440,True,2,0,0,0,67d8a1e4f82c67a4f1744807f6d534ef8227fdbc,34517940578
/quote/custom-cabinets,1920,True,2,0,0,0,67d8a1e4f82c67a4f1744807f6d534ef8227fdbc,34517940578
/quote/custom-home,320,True,2,0,0,0,67d8a1e4f82c67a4f1744807f6d534ef8227fdbc,34517940578
/quote/custom-home,390,True,2,0,0,0,67d8a1e4f82c67a4f1744807f6d534ef8227fdbc,34517940578
/quote/custom-home,430,True,2,0,0,0,67d8a1e4f82c67a4f1744807f6d534ef8227fdbc,34517940578
/quote/custom-home,600,True,2,0,0,0,67d8a1e4f82c67a4f1744807f6d534ef8227fdbc,34517940578
/quote/custom-home,768,True,2,0,0,0,67d8a1e4f82c67a4f1744807f6d534ef8227fdbc,34517940578
/quote/custom-home,1024,True,2,0,0,0,67d8a1e4f82c67a4f1744807f6d534ef8227fdbc,34517940578
/quote/custom-home,1366,True,2,0,0,0,67d8a1e4f82c67a4f1744807f6d534ef8227fdbc,34517940578
/quote/custom-home,1440,True,2,0,0,0,67d8a1e4f82c67a4f1744807f6d534ef8227fdbc,34517940578
/quote/custom-home,1920,True,2,0,0,0,67d8a1e4f82c67a4f1744807f6d534ef8227fdbc,34517940578
/quote/handyman,320,True,2,0,0,0,67d8a1e4f82c67a4f1744807f6d534ef8227fdbc,34517940578
/quote/handyman,390,True,2,0,0,0,67d8a1e4f82c67a4f1744807f6d534ef8227fdbc,34517940578
/quote/handyman,430,True,2,0,0,0,67d8a1e4f82c67a4f1744807f6d534ef8227fdbc,34517940578
/quote/handyman,600,True,2,0,0,0,67d8a1e4f82c67a4f1744807f6d534ef8227fdbc,34517940578
/quote/handyman,768,True,2,0,0,0,67d8a1e4f82c67a4f1744807f6d534ef8227fdbc,34517940578
/quote/handyman,1024,True,2,0,0,0,67d8a1e4f82c67a4f1744807f6d534ef8227fdbc,34517940578
/quote/handyman,1366,True,2,0,0,0,67d8a1e4f82c67a4f1744807f6d534ef8227fdbc,34517940578
/quote/handyman,1440,True,2,0,0,0,67d8a1e4f82c67a4f1744807f6d534ef8227fdbc,34517940578
/quote/handyman,1920,True,2,0,0,0,67d8a1e4f82c67a4f1744807f6d534ef8227fdbc,34517940578
/quote/home-addition,320,True,2,0,0,0,67d8a1e4f82c67a4f1744807f6d534ef8227fdbc,34517940578
/quote/home-addition,390,True,2,0,0,0,67d8a1e4f82c67a4f1744807f6d534ef8227fdbc,34517940578
/quote/home-addition,430,True,2,0,0,0,67d8a1e4f82c67a4f1744807f6d534ef8227fdbc,34517940578
/quote/home-addition,600,True,2,0,0,0,67d8a1e4f82c67a4f1744807f6d534ef8227fdbc,34517940578
/quote/home-addition,768,True,2,0,0,0,67d8a1e4f82c67a4f1744807f6d534ef8227fdbc,34517940578
/quote/home-addition,1024,True,2,0,0,0,67d8a1e4f82c67a4f1744807f6d534ef8227fdbc,34517940578
/quote/home-addition,1366,True,2,0,0,0,67d8a1e4f82c67a4f1744807f6d534ef8227fdbc,34517940578
/quote/home-addition,1440,True,2,0,0,0,67d8a1e4f82c67a4f1744807f6d534ef8227fdbc,34517940578
/quote/home-addition,1920,True,2,0,0,0,67d8a1e4f82c67a4f1744807f6d534ef8227fdbc,34517940578
/quote/kitchen-remodel,320,True,2,0,0,0,67d8a1e4f82c67a4f1744807f6d534ef8227fdbc,34517940578
/quote/kitchen-remodel,390,True,2,0,0,0,67d8a1e4f82c67a4f1744807f6d534ef8227fdbc,34517940578
/quote/kitchen-remodel,430,True,2,0,0,0,67d8a1e4f82c67a4f1744807f6d534ef8227fdbc,34517940578
/quote/kitchen-remodel,600,True,2,0,0,0,67d8a1e4f82c67a4f1744807f6d534ef8227fdbc,34517940578
/quote/kitchen-remodel,768,True,2,0,0,0,67d8a1e4f82c67a4f1744807f6d534ef8227fdbc,34517940578
/quote/kitchen-remodel,1024,True,2,0,0,0,67d8a1e4f82c67a4f1744807f6d534ef8227fdbc,34517940578
/quote/kitchen-remodel,1366,True,2,0,0,0,67d8a1e4f82c67a4f1744807f6d534ef8227fdbc,34517940578
/quote/kitchen-remodel,1440,True,2,0,0,0,67d8a1e4f82c67a4f1744807f6d534ef8227fdbc,34517940578
/quote/kitchen-remodel,1920,True,2,0,0,0,67d8a1e4f82c67a4f1744807f6d534ef8227fdbc,34517940578
/sitemap,320,True,0,0,0,0,67d8a1e4f82c67a4f1744807f6d534ef8227fdbc,34517940578
/sitemap,390,True,0,0,0,0,67d8a1e4f82c67a4f1744807f6d534ef8227fdbc,34517940578
/sitemap,430,True,0,0,0,0,67d8a1e4f82c67a4f1744807f6d534ef8227fdbc,34517940578
/sitemap,600,True,1,0,0,0,67d8a1e4f82c67a4f1744807f6d534ef8227fdbc,34517940578
/sitemap,768,True,1,0,0,0,67d8a1e4f82c67a4f1744807f6d534ef8227fdbc,34517940578
/sitemap,1024,True,1,0,0,0,67d8a1e4f82c67a4f1744807f6d534ef8227fdbc,34517940578
/sitemap,1366,True,1,0,0,0,67d8a1e4f82c67a4f1744807f6d534ef8227fdbc,34517940578
/sitemap,1440,True,1,0,0,0,67d8a1e4f82c67a4f1744807f6d534ef8227fdbc,34517940578
/sitemap,1920,True,1,0,0,0,67d8a1e4f82c67a4f1744807f6d534ef8227fdbc,34517940578
